epoch,g_loss,d_loss,val_rmse
1,4.918503046035767,9.812304973602295,0.31456854939460754
