pred_t+1,pred_t+2,pred_t+3,pred_t+4,pred_t+5,true_t+1,true_t+2,true_t+3,true_t+4,true_t+5
88.00527,89.140236,89.21028,92.04238,87.603584,93.39253,92.052444,91.7465,92.85503,93.49527
86.590866,89.843605,88.685394,90.717094,88.166824,92.052444,91.7465,92.85503,93.49527,93.00177
87.32155,89.82921,90.91833,90.655365,87.54364,91.7465,92.85503,93.49527,93.00177,92.84776
86.53599,89.25736,87.76571,90.91566,87.34372,92.85503,93.49527,93.00177,92.84776,90.984375
88.403885,91.47166,90.9437,90.71398,86.99006,93.49527,93.00177,92.84776,90.984375,90.691635
86.8988,89.522835,90.30273,91.29792,86.246254,93.00177,92.84776,90.984375,90.691635,90.361595
